[
    {
        "name":"aravind",
        "gender":"male",
        "id":879099,
        "salary":123456,
        "dob":"22-06-1997",
        "contact":["7093117845","8008367020"]
    },{
        "name":"keshireddy",
        "gender":"male",
        "id":709311,
        "salary":564123,
        "dob":"2-06-1997",
        "contact":["8453221485","6344447020"]
    },{
        "name":"maya",
        "gender":"female",
        "id":800823,
        "salary":56,
        "dob":"7-06-1987",
        "contact":["7845879099","82025463546"]
    }
]
