<?xml version="1.0" encoding="UTF-8"?>

<!DOCTYPE hibernate-configuration PUBLIC
	"-//Hibernate/Hibernate Configuration DTD 3.0//EN"
	"http://www.hibernate.org/dtd/hibernate-configuration-3.0.dtd">



<hibernate-configuration>
<session-factory>

<property name="driverClassName">oracle.jdbc.driver.OracleDriver</property>
<property name="connection.url">jdbc:oracle:thin:@localhost:1521:xe</property>
<property name="connection.username">qwerty</property>
<property name="connection.password">qwerty123</property>

<!-- hibernate properties -->
<property name="hbm2ddl.auto">update</property><!-- create/update -->
<property name="dialect">org.hibernate.dialect.OracleDialect</property>
<property name="show_sql">true</property>

 

<!-- mapping resource -->
<mapping resource="hibernate.hbm.xml"/>
</session-factory>
</hibernate-configuration>